field,code,original_label
pT_code,1,T0
pT_code,2,T1
pT_code,3,T1B
pT_code,4,T1a
pT_code,5,T1b
pT_code,6,T1c
pT_code,7,T1mi
pT_code,8,T2
pT_code,9,T2a
pT_code,10,T2b
pT_code,11,T3
pT_code,12,T4
pT_code,13,Tis
pT_code,14,ypT0
pT_code,15,ypT1a
pN_code,1,N0
pN_code,2,N1
pN_code,3,N2
pN_code,4,N3
pN_code,5,ypN0
pM_code,1,M0
pM_code,2,M1a
pM_code,3,M1b
pM_code,4,Mx
pStage_code,1,IA1期
pStage_code,2,IA2期
pStage_code,3,IA3期
pStage_code,4,IA期
pStage_code,5,IB期
pStage_code,6,IIA期
pStage_code,7,IIB期
pStage_code,8,IIIA期
pStage_code,9,IIIB期
pStage_code,10,IVA期
pStage_code,11,IV期
pStage_code,12,IIIA
pStage_code,13,IIIB
pStage_code,14,0
pStage_code,15,IA1
pStage_code,16,IIB
pStage_code,17,IB
pStage_code,18,IA2
pStage_code,19,IA3
pStage_code,20,IIA
cT_code,1,cT2b
cT_code,2,cT3
cT_code,3,cT1b
cT_code,4,cT2a
cT_code,5,cT1c
cT_code,6,cT4
cT_code,7,T4
cT_code,8,T2a
cT_code,9,cT1a
cN_code,1,cN0
cN_code,2,cN2
cN_code,3,cN1
cN_code,4,cN3
cM_code,1,cM0
cM_code,2,cM1a
cM_code,3,cM1c
cM_code,4,cM1b
cStage_code,1,IIA期
cStage_code,2,IIIB期
cStage_code,3,IA2期
cStage_code,4,IVA期
cStage_code,5,IB期
cStage_code,6,IIB期
cStage_code,7,IVB期
cStage_code,8,IA3期
cStage_code,9,IIIA期
cStage_code,10,IIIC期
cStage_code,11,IA1期
surgery_type_code,1,肺部分切除（方式未详）
surgery_type_code,2,肺叶切除
surgery_type_code,3,楔形切除
surgery_type_code,4,全肺切除
surgery_type_code,5,肺段切除
surgery_type_code,6,肺叶切除+楔形切除
surgery_type_code,7,探查/活检（未明确肺切除）
surgery_type_code,8,肺叶切除+肺段切除
surgery_type_code,9,肺叶切除+肺部分切除（方式未详）
surgery_type_code,10,肺叶切除+肺段切除+楔形切除
surgery_type_code,11,肺段切除+楔形切除
surgery_type_code,12,肺段切除+肺部分切除（方式未详）
surgery_type_code,13,楔形切除+肺部分切除（方式未详）
surgery_type_code,14,肺叶切除+肺段切除+肺部分切除（方式未详）
surgery_type_code,15,肺叶切除+楔形切除+肺部分切除（方式未详）
surgery_type_code,16,肺段切除+楔形切除+肺部分切除（方式未详）
treatment_pattern_code,1,仅辅助
treatment_pattern_code,2,仅新辅助
treatment_pattern_code,3,无（明确）
treatment_pattern_code,4,无记录
treatment_pattern_code,5,新辅助+辅助
histology_code,1,LUAD
histology_code,2,LUSC
histology_code,3,SCLC
histology_code,4,PSC
histology_code,5,NET
histology_code,6,ASC
histology_code,7,MIX
histology_code,8,LELC
histology_code,9,ORC
histology_code,10,SGC
histology_code,11,MESC
histology_code,12,HEME
