table,field,label,source,coding,role,unit,concept
BASELINE,height_cm,身高_cm,I,精确数值；不可解析留空,feature,,
BASELINE,weight_kg,体重_kg,J,精确数值；不可解析留空,feature,,
BASELINE,BMI,BMI,K,精确数值；不可解析留空,feature,,
BASELINE,cT_code,术前临床T分期,BP,类别映射；未记录=-9,feature,,
BASELINE,cN_code,术前临床N分期,BQ,类别映射；未记录=-9,feature,,
BASELINE,cM_code,术前临床M分期,BR,类别映射；未记录=-9,feature,,
BASELINE,cStage_code,术前临床总分期,BS,类别映射；未记录=-9,feature,,
BASELINE,surgery_type_code,肺癌手术类型,V,类别映射；未记录=-9,feature,,
BASELINE,treatment_pattern_code,围手术期治疗模式（无/仅新辅助/仅辅助/新辅助+辅助/未记录）,BT,类别映射；未记录=-9,feature,,
INDEX,patient_id,患者关联ID,A,文本；各表唯一关联键,key,,
INDEX,source_row,主表原始行号,工作表行号,仅追溯；重排后勿作为患者身份,key,,
INDEX,surgery_date,手术日期,T,ISO8601,metadata,,
INDEX,sex_code,性别,D,0=女；1=男；-9=未知,metadata,,
INDEX,age_at_surgery,手术就诊年龄,E,岁；精确数值,metadata,,
INDEX,has_path_report,有病理报告,CD,0/1,metadata,,
INDEX,has_CE_report,has_CE_report,新版主表/派生规则（见设计文档）,0/1指示变量；空值未知,metadata,,
INDEX,has_NCE_report,has_NCE_report,新版主表/派生规则（见设计文档）,0/1指示变量；空值未知,metadata,,
INDEX,has_PET_CT_report,has_PET_CT_report,新版主表/派生规则（见设计文档）,0/1指示变量；空值未知,metadata,,
INDEX,modality_mask,影像模态组合,AU/AV/AZ/BA/AP/AQ,CE*1+NCE*2+PET_CT*4；0—7,metadata,,
BASELINE,patient_id,患者关联ID,A,文本；各表唯一关联键,key,,
BASELINE,source_row,主表原始行号,工作表行号,仅追溯；重排后勿作为患者身份,key,,
BASELINE,neoadjuvant_documented,明确记录新辅助,BT,1=有；0=明确无；-9=未记录,metadata,,
BASELINE,adjuvant_documented,明确记录辅助治疗,BT,1=有；0=明确无；-9=未记录；术后治疗非术前预测输入,metadata,,
FOLLOWUP,patient_id,患者关联ID,A,文本；各表唯一关联键,key,,
FOLLOWUP,source_row,主表原始行号,工作表行号,仅追溯；重排后勿作为患者身份,key,,
FOLLOWUP,surgery_date,手术日期,T,ISO8601,outcome,,
FOLLOWUP,recurrence_status,原表复发状态,DT,0=记录截止未发现复发；1=记录复发；-1=无术后来院记录；-2=术前已转移,outcome,,
FOLLOWUP,recurrence_date_raw,原复发日期,DU,保留原文本,outcome,,
FOLLOWUP,recurrence_date_lower,复发日期下界,DU,日精度=原日；月精度=当月1日；不是填补日期,outcome,,
FOLLOWUP,recurrence_date_upper,复发日期上界,DU,月精度=当月最后一天,outcome,,
FOLLOWUP,recurrence_date_precision,复发日期精度,DU,day/month/missing/invalid,outcome,,
FOLLOWUP,recurrence_site_raw,原复发部位文本,DV,保留原文；可能混入后续部位，须核对,outcome,,
FOLLOWUP,recurrence_type_raw,原复发部位编码,DY,分号分隔多标签；不是连续或有序变量,outcome,,
FOLLOWUP,recurrence_evidence_present,复发依据字段非空,DW,0/1；非空不等于已确证,outcome,,
FOLLOWUP,death_status,主表死亡状态,DZ,1=记录死亡；0=未记录死亡，非主动随访确证存活,outcome,,
FOLLOWUP,death_date,主表死亡日期,EA,保留日期；原始日期精度尚未重新核验,outcome,,
FOLLOWUP,death_cause_raw,死亡原因原文,EB,不得自动归因肺癌特异死亡,outcome,,
FOLLOWUP,last_record_date,最后记录日期,EC,用于联系/记录型OS；不自动当复发阴性随访,outcome,,
FOLLOWUP,last_disease_assessment_date,有依据疾病随访截止日期,DW,仅明确末次/截至随访语句；空值不使用EB替代,outcome,,
FOLLOWUP,assessment_date_source,疾病随访日期来源,DW,DV_explicit=明确日期语句；空=未提取,outcome,,
FOLLOWUP,master_DFS_months,主表原DFS（月）,DX,原值仅保留供核对；不直接视为已验证DFS,outcome,,
FOLLOWUP,automatic_endpoint_reviewed,结局是否人工验证,生成状态,本次均0；不可解释为已完成事件委员会审查,outcome,,
FOLLOWUP,date_error,关键日期冲突,T/DU/DW/EA/EC,1=存在关键顺序/缺失问题；严格终点置空,outcome,,
FOLLOWUP,prior_adjudication_review,已有待核对事件,20260929既有审查表,仅当当前行事件日期及部位与审查记录一致时沿用,outcome,,
FOLLOWUP,baseline_metastasis_flag,术前/手术时转移提示,DT/BR/BS/DK/DL,1=任一来源提示基线转移；0=未检测到，不证明M0,outcome,,
FOLLOWUP,R0_documented,明确R0,CL,0/1；不填补缺失R分级,outcome,,
FOLLOWUP,cohort_screen_candidate,根治术后复发队列初筛候选,DT/CL/BR/BS/DK/DL,记录R0、无已知基线转移、DS=0/1；仍需核验入排,outcome,,
FOLLOWUP,exclusion_reason,初筛排除原因,派生,baseline_metastatic/no_postop_recurrence_followup/R0_not_documented,outcome,,
FOLLOWUP,strict_cr_status,严格复发/竞争事件状态,DT/DU/DW/DZ/EA,0=在有依据疾病评估日删失；1=复发；2=死亡且当日有复发阴性评估；空=不可构造,outcome,,
FOLLOWUP,strict_cr_date,严格复发/删失日期,DU/DW/EA,与strict_cr_status配套,outcome,,
FOLLOWUP,strict_cr_days,严格观察时长（天）,严格日期减T,空值不纳入时间模型；0天不纳入候选,outcome,,
FOLLOWUP,strict_cr_months,严格观察时长（月）,strict_cr_days/30.4375,展示用，建模推荐天,outcome,,
FOLLOWUP,strict_analysis_candidate,严格终点分析候选,派生,初筛通过、正时长、日期可算、无沿用待核对；非最终临床入组,outcome,,
FOLLOWUP,death_after_last_disease_assessment_days,疾病评估至死亡间隔,EA减疾病评估,间隔内复发状态不自动外推,outcome,,
FOLLOWUP,record_RFS_event,记录型复发或死亡复合终点,DT/DU/DW/DZ/EA,敏感性分析；1=首次记录复发或全因死亡；0=疾病评估删失；不等同已验证DFS,outcome,,
FOLLOWUP,record_RFS_date,记录型RFS日期,DU/EA/DW,敏感性终点日期,outcome,,
FOLLOWUP,record_RFS_component,记录型RFS组成事件,DU/EA/DW,recurrence/death/censored_at_assessment,outcome,,
FOLLOWUP,record_RFS_days,记录型RFS天数,记录型RFS日期减T,死亡前疾病随访间隔需另核验,outcome,,
FOLLOWUP,record_OS_event,记录型OS事件,DZ,1=死亡；0=最后记录日删失；探索性,outcome,,
FOLLOWUP,record_OS_days,记录型OS天数,EA或EC减T,可能受死亡漏报影响,outcome,,
FOLLOWUP,vital_status_verified,生存状态已独立核验,本次状态,本次均0；未重新电话/登记核验,outcome,,
FOLLOWUP,death_date_original_precision_verified,死亡原始日期精度已核验,本次状态,本次均0；既有日期可能来自历史近似填补,outcome,,
FOLLOWUP,recurrence_time_lower_days,复发时间下界（天）,日期下界减T,用于区间/敏感性分析,outcome,,
FOLLOWUP,recurrence_time_upper_days,复发时间上界（天）,日期上界减T,用于区间/敏感性分析,outcome,,
FOLLOWUP,master_DFS_difference_months,原DFS减严格时长（月）,DX减严格时长,保留符号；非错误确证,outcome,,
FOLLOWUP,master_DFS_mismatch_flag,DFS口径差异提示,派生,绝对差>0.05个月；优先核查截止日期口径,outcome,,
FOLLOWUP,recurrence_12m_status,12月复发状态,手术日期及严格终点,0=窗口内未记录复发且覆盖窗口；1=窗口内复发；2=此前竞争死亡；空=随访不足/无效/跨窗口不精确日期,outcome,,
FOLLOWUP,recurrence_24m_status,24月复发状态,手术日期及严格终点,0=窗口内未记录复发且覆盖窗口；1=窗口内复发；2=此前竞争死亡；空=随访不足/无效/跨窗口不精确日期,outcome,,
FOLLOWUP,recurrence_36m_status,36月复发状态,手术日期及严格终点,0=窗口内未记录复发且覆盖窗口；1=窗口内复发；2=此前竞争死亡；空=随访不足/无效/跨窗口不精确日期,outcome,,
SITES,patient_id,患者关联ID,A,文本；各表唯一关联键,key,,
SITES,source_row,主表原始行号,工作表行号,仅追溯；重排后勿作为患者身份,key,,
SITES,recurrence_status,recurrence_status,新版主表/派生规则（见设计文档）,0/1指示变量；空值未知,outcome,,
SITES,recurrence_date_lower,复发日期下界,DU,日精度=原日；月精度=当月1日；不是填补日期,outcome,,
SITES,recurrence_date_upper,复发日期上界,DU,月精度=当月最后一天,outcome,,
SITES,source_type_codes,主表部位多标签编码,DY,保留原值；1—9，98/99为不明确,outcome,,
SITES,site_codes_complete,复发部位编码可拆分,DY,1=已有1—9编码；不代表全身检查或首发部位已验证,outcome,,
SITES,first_event_site_verified,首次事件部位已核验,本次状态,本次均0；不将现有部位表宣称为已验证首次转移部位,outcome,,
SITES,prior_adjudication_review,已有待核对事件,20260929既有审查表,仅当当前行事件日期及部位与审查记录一致时沿用,outcome,,
SITES,site_1,同侧肺,DY,1=已编码；0=已复发且完整部位编码未列出本组（不等于终生无此转移）；-7=非复发事件；-9=未知,outcome,,
SITES,site_2,对侧肺,DY,1=已编码；0=已复发且完整部位编码未列出本组（不等于终生无此转移）；-7=非复发事件；-9=未知,outcome,,
SITES,site_3,淋巴结（区域与远处未分）,DY,1=已编码；0=已复发且完整部位编码未列出本组（不等于终生无此转移）；-7=非复发事件；-9=未知,outcome,,
SITES,site_4,胸膜/胸腔,DY,1=已编码；0=已复发且完整部位编码未列出本组（不等于终生无此转移）；-7=非复发事件；-9=未知,outcome,,
SITES,site_5,骨,DY,1=已编码；0=已复发且完整部位编码未列出本组（不等于终生无此转移）；-7=非复发事件；-9=未知,outcome,,
SITES,site_6,脑/脑膜,DY,1=已编码；0=已复发且完整部位编码未列出本组（不等于终生无此转移）；-7=非复发事件；-9=未知,outcome,,
SITES,site_7,肝,DY,1=已编码；0=已复发且完整部位编码未列出本组（不等于终生无此转移）；-7=非复发事件；-9=未知,outcome,,
SITES,site_8,肾上腺,DY,1=已编码；0=已复发且完整部位编码未列出本组（不等于终生无此转移）；-7=非复发事件；-9=未知,outcome,,
SITES,site_9,其他（含局部及其他器官）,DY,1=已编码；0=已复发且完整部位编码未列出本组（不等于终生无此转移）；-7=非复发事件；-9=未知,outcome,,
SITES,site_98,肺侧别不明,DY,1=已编码；0=已复发且完整部位编码未列出本组（不等于终生无此转移）；-7=非复发事件；-9=未知,outcome,,
SITES,site_99,部位未明确,DY,1=已编码；0=已复发且完整部位编码未列出本组（不等于终生无此转移）；-7=非复发事件；-9=未知,outcome,,
SITES,number_of_reported_site_groups,记录部位组数,DY,多标签计数，不是病灶数,outcome,,
SITES,site_text_has_later_events,部位文本含后续事件,DV,1=有后续/随后等词；提醒先后时序审查,outcome,,
SITES,recurrence_site_raw,原复发部位文本,DV,保留原文；可能混入后续部位，须核对,outcome,,
PATH,patient_id,患者关联ID,A,仅关联/追溯，不是预测特征,key,,
PATH,source_row,原表行号,主表,仅关联/追溯，不是预测特征,key,,
PATH,histology_code,CF合并病理分组,CF,1 LUAD;2 LUSC;3 SCLC;4 PSC;5 NET;6 ASC;7 MIX;8 LELC;9 ORC;10 SGC;11 MESC;12 HEME;-9 未记录；非序数,feature,,F040
PATH,path_max_diameter_mm,病理明确最大径_mm,CI,连续值；缺失留空；范围/比较号另存后台，不强制压为单值,feature,mm,F041
PATH,grade_lower,分化等级下界,CG,连续值；缺失留空；范围/比较号另存后台，不强制压为单值,feature,,F048
PATH,grade_upper,分化等级上界,CG,连续值；缺失留空；范围/比较号另存后台，不强制压为单值,feature,,F048
PATH,STAS,气腔播散,CP,1明确阳性/异常；0明确阴性；-9未记录/未解析；-8归属不清；-7不适用；-6冲突；-5不确定。未提及不是阴性。,feature,,F049
PATH,pleural_PL_code,胸膜侵犯PL级别,CM,PL([0123])对应整数；-9=未记录/不可解析；-8=主灶无法唯一确定；-7=不适用；-6=冲突；-5=不确定。连续变量缺失留空。,feature,,F051
PATH,lymphovascular_invasion,脉管侵犯（合并描述）,CN,1明确阳性/异常；0明确阴性；-9未记录/未解析；-8归属不清；-7不适用；-6冲突；-5不确定。未提及不是阴性。,feature,,F052
PATH,perineural_invasion,神经侵犯,CO,1明确阳性/异常；0明确阴性；-9未记录/未解析；-8归属不清；-7不适用；-6冲突；-5不确定。未提及不是阴性。,feature,,F053
PATH,necrosis_code,坏死程度,CJ,0=未见；1=少量；2=大量；3=有坏死但未定量；-9=未记录/不可解析；-8=主灶无法唯一确定；-7=不适用；-6=冲突；-5=不确定。连续变量缺失留空。,feature,,F054
PATH,nodes_examined,淋巴结送检总数,CR,连续值；缺失留空；范围/比较号另存后台，不强制压为单值,feature,,F055
PATH,nodes_positive,淋巴结阳性总数,CS,连续值；缺失留空；范围/比较号另存后台，不强制压为单值,feature,,F055
PATH,node_positive_ratio,阳性淋巴结比例,CR/CS,连续值；缺失留空；范围/比较号另存后台，不强制压为单值,feature,,F056
PATH,margin_positive,切缘阳性,CK,1明确阳性/异常；0明确阴性；-9未记录/未解析；-8归属不清；-7不适用；-6冲突；-5不确定。未提及不是阴性。,feature,,F060
PATH,residual_R_code,R分级,CL,R([012])对应整数；-9=未记录/不可解析；-8=主灶无法唯一确定；-7=不适用；-6=冲突；-5=不确定。连续变量缺失留空。,feature,,F060
PATH,ki67_lower_pct,Ki67下界_pct,DH,连续值；缺失留空；范围/比较号另存后台，不强制压为单值,feature,%,F064
PATH,ki67_upper_pct,Ki67上界_pct,DH,连续值；缺失留空；范围/比较号另存后台，不强制压为单值,feature,%,F064
PATH,ki67_relation,Ki67关系,DH,0=单值；1=闭区间；2=<；3=<=；4=>；5=>=；-9=未记录/不可解析；-8=主灶无法唯一确定；-7=不适用；-6=冲突；-5=不确定。连续变量缺失留空。,feature,,F064
PATH,pT_code,病理T,DI,见类别映射；精确原标签；编码无大小顺序；-9=未记录/不可解析；-8=主灶无法唯一确定；-7=不适用；-6=冲突；-5=不确定。连续变量缺失留空。,feature,,F040
PATH,pN_code,病理N,DJ,见类别映射；精确原标签；编码无大小顺序；-9=未记录/不可解析；-8=主灶无法唯一确定；-7=不适用；-6=冲突；-5=不确定。连续变量缺失留空。,feature,,F040
PATH,pM_code,病理M,DK,见类别映射；精确原标签；编码无大小顺序；-9=未记录/不可解析；-8=主灶无法唯一确定；-7=不适用；-6=冲突；-5=不确定。连续变量缺失留空。,feature,,F040
PATH,pStage_code,病理总分期,DL,见类别映射；精确原标签；编码无大小顺序；-9=未记录/不可解析；-8=主灶无法唯一确定；-7=不适用；-6=冲突；-5=不确定。连续变量缺失留空。,feature,,F040
PATH,invasion_status,浸润状态,CI,0=原位；1=微浸润；2=浸润；-9=未记录/不可解析；-8=主灶无法唯一确定；-7=不适用；-6=冲突；-5=不确定。连续变量缺失留空。,feature,,F040
PATH,lepidic_mentioned,贴壁成分,CH；CD主灶原文补充,1明确阳性/异常；0明确阴性；-9未记录/未解析；-8归属不清；-7不适用；-6冲突；-5不确定。未提及不是阴性。,feature,,F043
PATH,lepidic_pct,贴壁明确比例_pct,CH；CD主灶原文补充,连续值；缺失留空；范围/比较号另存后台，不强制压为单值,feature,%,F043
PATH,acinar_mentioned,腺泡成分,CH；CD主灶原文补充,1明确阳性/异常；0明确阴性；-9未记录/未解析；-8归属不清；-7不适用；-6冲突；-5不确定。未提及不是阴性。,feature,,F043
PATH,acinar_pct,腺泡明确比例_pct,CH；CD主灶原文补充,连续值；缺失留空；范围/比较号另存后台，不强制压为单值,feature,%,F043
PATH,papillary_mentioned,乳头成分,CH；CD主灶原文补充,1明确阳性/异常；0明确阴性；-9未记录/未解析；-8归属不清；-7不适用；-6冲突；-5不确定。未提及不是阴性。,feature,,F043
PATH,papillary_pct,乳头明确比例_pct,CH；CD主灶原文补充,连续值；缺失留空；范围/比较号另存后台，不强制压为单值,feature,%,F043
PATH,micropapillary_mentioned,微乳头成分,CH；CD主灶原文补充,1明确阳性/异常；0明确阴性；-9未记录/未解析；-8归属不清；-7不适用；-6冲突；-5不确定。未提及不是阴性。,feature,,F044
PATH,micropapillary_pct,微乳头明确比例_pct,CH；CD主灶原文补充,连续值；缺失留空；范围/比较号另存后台，不强制压为单值,feature,%,F044
PATH,solid_mentioned,实性生长成分,CH；CD主灶原文补充,1明确阳性/异常；0明确阴性；-9未记录/未解析；-8归属不清；-7不适用；-6冲突；-5不确定。未提及不是阴性。,feature,,F045
PATH,solid_pct,实性生长明确比例_pct,CH；CD主灶原文补充,连续值；缺失留空；范围/比较号另存后台，不强制压为单值,feature,%,F045
PATH,cribriform_mentioned,筛状成分,CH；CD主灶原文补充,1明确阳性/异常；0明确阴性；-9未记录/未解析；-8归属不清；-7不适用；-6冲突；-5不确定。未提及不是阴性。,feature,,F046
PATH,cribriform_pct,筛状明确比例_pct,CH；CD主灶原文补充,连续值；缺失留空；范围/比较号另存后台，不强制压为单值,feature,%,F046
PATH,path_side,病理主灶侧别,CD/CC（各字段限定语境）,1右；2左,feature,,F040
PATH,path_lobe,病理主灶肺叶,CD/CC（各字段限定语境）,1右上2右中3右下4左上5左下,feature,,F040
PATH,invasive_diameter_mm,明确浸润径_mm,CD/CC（各字段限定语境）,仅单值；<5mm不压成5mm；总径不能代替,feature,mm,F041
PATH,predominant_pattern,明确主要生长模式,CD/CC（各字段限定语境）,1贴壁2腺泡3乳头4微乳头5实性6筛状7复杂腺体；仅明确主型,feature,,F042
PATH,complex_glandular_mentioned,复杂/融合腺体成分,CD/CC（各字段限定语境）,1明确阳性/异常；0明确阴性；-9未记录/未解析；-8归属不清；-7不适用；-6冲突；-5不确定。未提及不是阴性。,feature,,F046
PATH,complex_glandular_pct,复杂腺体明确比例_pct,CD/CC（各字段限定语境）,连续值；缺失留空；范围/比较号另存后台，不强制压为单值,feature,%,F046
PATH,iaslc_grade_reported,明确报告IASLC分级,CD/CC（各字段限定语境）,1/2/3；须原文注明IASLC；不由分化或比例推导,feature,,F047
PATH,pleural_invasion,病理胸膜侵犯,CD/CC（各字段限定语境）,1明确阳性/异常；0明确阴性；-9未记录/未解析；-8归属不清；-7不适用；-6冲突；-5不确定。未提及不是阴性。,feature,,F051
PATH,blood_vessel_invasion,血管侵犯,CD/CC（各字段限定语境）,1明确阳性/异常；0明确阴性；-9未记录/未解析；-8归属不清；-7不适用；-6冲突；-5不确定。未提及不是阴性。,feature,,F052
PATH,lymphatic_invasion,淋巴管侵犯,CD/CC（各字段限定语境）,1明确阳性/异常；0明确阴性；-9未记录/未解析；-8归属不清；-7不适用；-6冲突；-5不确定。未提及不是阴性。,feature,,F052
PATH,necrosis_pct,明确坏死比例_pct,CD/CC（各字段限定语境）,连续值；缺失留空；范围/比较号另存后台，不强制压为单值,feature,%,F054
PATH,positive_station_count,明确列出的阳性站数,CD/CC（各字段限定语境）,仅CS完整可解析站别列表；不等同未报告站数已知,feature,,F056
PATH,n1_positive_station_count,可明确归于N1的已报告阳性站数,CD/CC（各字段限定语境）,须区域/侧别可判；不完备时不输出0,feature,,F056
PATH,n2_positive_station_count,可明确归于N2的已报告阳性站数,CD/CC（各字段限定语境）,须区域/侧别可判；不完备时不输出0,feature,,F056
PATH,extranodal_extension,淋巴结结外侵犯,CD/CC（各字段限定语境）,须淋巴结语境；不取原发灶包膜侵犯,feature,,F057
PATH,nodal_metastasis_mm,明确淋巴结转移灶最大径_mm,CD/CC（各字段限定语境）,非整个淋巴结直径,feature,mm,F058
PATH,skip_n2,明确记载跳跃性N2转移,CD/CC（各字段限定语境）,不因N1未报告就推定跳跃,feature,,F059
PATH,margin_bronchial_positive,支气管切缘阳性,CD/CC（各字段限定语境）,1明确阳性/异常；0明确阴性；-9未记录/未解析；-8归属不清；-7不适用；-6冲突；-5不确定。未提及不是阴性。,feature,,F060
PATH,margin_vascular_positive,血管切缘阳性,CD/CC（各字段限定语境）,1明确阳性/异常；0明确阴性；-9未记录/未解析；-8归属不清；-7不适用；-6冲突；-5不确定。未提及不是阴性。,feature,,F060
PATH,margin_parenchymal_positive,肺实质切缘阳性,CD/CC（各字段限定语境）,1明确阳性/异常；0明确阴性；-9未记录/未解析；-8归属不清；-7不适用；-6冲突；-5不确定。未提及不是阴性。,feature,,F060
PATH,margin_nearest_mm,明确最近切缘距离_mm,CD/CC（各字段限定语境）,仅明确最近切缘距离；大体/镜下来源保留后台,feature,mm,F060
PATH,margin_bronchial_distance_mm,明确距支气管切缘距离_mm,CD/CC（各字段限定语境）,原文明示测量；大体/镜下不能混称,feature,mm,F060
PATH,path_chestwall_invasion,病理胸壁直接侵犯,CD/CC（各字段限定语境）,1明确阳性/异常；0明确阴性；-9未记录/未解析；-8归属不清；-7不适用；-6冲突；-5不确定。未提及不是阴性。,feature,,F061
PATH,path_large_vessel_invasion,病理大血管直接侵犯,CD/CC（各字段限定语境）,须大血管，不以微血管癌栓替代,feature,,F061
PATH,path_bronchial_invasion,病理支气管直接侵犯,CD/CC（各字段限定语境）,1明确阳性/异常；0明确阴性；-9未记录/未解析；-8归属不清；-7不适用；-6冲突；-5不确定。未提及不是阴性。,feature,,F061
CE,patient_id,患者关联ID,A,仅关联/追溯，不是预测特征,key,,
CE,source_row,原表行号,主表,仅关联/追溯，不是预测特征,key,,
CE,main_location_code,主灶位置（肺叶/肺门）,AZ/BA,1=右上；2=右中；3=右下；4=左上；5=左下；6=右肺门；7=左肺门；-9=未记录/不可解析；-8=主灶无法唯一确定；-7=不适用；-6=冲突；-5=不确定。连续变量缺失留空。,feature,,F001
CE,density_code,主灶密度,AZ/BA,1=纯磨玻璃；2=部分实性；3=实性；4=磨玻璃未分纯/混；-9=未记录/不可解析；-8=主灶无法唯一确定；-7=不适用；-6=冲突；-5=不确定。连续变量缺失留空。,feature,,F004
CE,main_side,主灶侧别,AZ/BA,1右；2左；-8主灶/侧别不清,feature,,F001
CE,main_lobe,主灶肺叶,AZ/BA,1右上；2右中；3右下；4左上；5左下；未注明肺叶不由肺门猜测,feature,,F001
CE,central_peripheral_code,中央型/周围型（明确报告）,AZ/BA,1中央型；2周围型；-9未提及,feature,,F002
CE,long_diameter_mm,最大径_mm,AZ/BA,连续值；缺失留空；范围/比较号另存后台，不强制压为单值,feature,mm,F003
CE,second_diameter_mm,第二径_mm,AZ/BA,连续值；缺失留空；范围/比较号另存后台，不强制压为单值,feature,mm,F003
CE,ill_defined_margin,边界不清,AZ/BA,1明确阳性/异常；0明确阴性；-9未记录/未解析；-8归属不清；-7不适用；-6冲突；-5不确定。未提及不是阴性。,feature,,F007
CE,lobulation,分叶征,AZ/BA,1明确阳性/异常；0明确阴性；-9未记录/未解析；-8归属不清；-7不适用；-6冲突；-5不确定。未提及不是阴性。,feature,,F008
CE,spiculation,毛刺征,AZ/BA,1明确阳性/异常；0明确阴性；-9未记录/未解析；-8归属不清；-7不适用；-6冲突；-5不确定。未提及不是阴性。,feature,,F009
CE,bubble_lucency,空泡征,AZ/BA,1明确阳性/异常；0明确阴性；-9未记录/未解析；-8归属不清；-7不适用；-6冲突；-5不确定。未提及不是阴性。,feature,,F010
CE,cavitation,空洞,AZ/BA,1明确阳性/异常；0明确阴性；-9未记录/未解析；-8归属不清；-7不适用；-6冲突；-5不确定。未提及不是阴性。,feature,,F010
CE,calcification,钙化,AZ/BA,1明确阳性/异常；0明确阴性；-9未记录/未解析；-8归属不清；-7不适用；-6冲突；-5不确定。未提及不是阴性。,feature,,F012
CE,pleural_retraction,胸膜牵拉,AZ/BA,1明确阳性/异常；0明确阴性；-9未记录/未解析；-8归属不清；-7不适用；-6冲突；-5不确定。未提及不是阴性。,feature,,F013
CE,pleural_indentation,胸膜凹陷,AZ/BA,1明确阳性/异常；0明确阴性；-9未记录/未解析；-8归属不清；-7不适用；-6冲突；-5不确定。未提及不是阴性。,feature,,F013
CE,vascular_convergence,血管集束,AZ/BA,1明确阳性/异常；0明确阴性；-9未记录/未解析；-8归属不清；-7不适用；-6冲突；-5不确定。未提及不是阴性。,feature,,F016
CE,vascular_traversal,血管穿行,AZ/BA,1明确阳性/异常；0明确阴性；-9未记录/未解析；-8归属不清；-7不适用；-6冲突；-5不确定。未提及不是阴性。,feature,,F016
CE,air_bronchogram,空气支气管征,AZ/BA,1明确阳性/异常；0明确阴性；-9未记录/未解析；-8归属不清；-7不适用；-6冲突；-5不确定。未提及不是阴性。,feature,,F017
CE,bronchial_stenosis,支气管狭窄,AZ/BA,1明确阳性/异常；0明确阴性；-9未记录/未解析；-8归属不清；-7不适用；-6冲突；-5不确定。未提及不是阴性。,feature,,F017
CE,bronchial_obstruction,支气管截断/阻塞,AZ/BA,1明确阳性/异常；0明确阴性；-9未记录/未解析；-8归属不清；-7不适用；-6冲突；-5不确定。未提及不是阴性。,feature,,F017
CE,pleural_effusion,胸腔积液,AZ/BA,1明确阳性/异常；0明确阴性；-9未记录/未解析；-8归属不清；-7不适用；-6冲突；-5不确定。未提及不是阴性。,feature,,F023
CE,lobulation_grade,分叶程度,AZ/BA,0明确无；1浅分叶；2深分叶；3有但未分级,feature,,F008
CE,spiculation_type,毛刺类型,AZ/BA,0明确无；1短细；2长粗；3混合；4有但未分型,feature,,F009
CE,calcification_pattern,钙化形态,AZ/BA,0明确无；1点状；2粗大；3偏心；4弥漫；5混合；6有未分型,feature,,F012
CE,cavity_wall_mm,空洞壁厚_mm,AZ/BA,连续值；缺失留空；范围/比较号另存后台，不强制压为单值,feature,mm,F010
CE,cavity_wall_irregular,空洞壁不规则,AZ/BA,1明确阳性/异常；0明确阴性；-9未记录/未解析；-8归属不清；-7不适用；-6冲突；-5不确定。未提及不是阴性。,feature,,F010
CE,radiologic_pleural_invasion,影像胸膜侵犯判断,AZ/BA,1明确阳性/异常；0明确阴性；-9未记录/未解析；-8归属不清；-7不适用；-6冲突；-5不确定。未提及不是阴性。,feature,,F015
CE,vascular_encasement,血管包绕,AZ/BA,1明确阳性/异常；0明确阴性；-9未记录/未解析；-8归属不清；-7不适用；-6冲突；-5不确定。未提及不是阴性。,feature,,F016
CE,vascular_stenosis,血管狭窄,AZ/BA,1明确阳性/异常；0明确阴性；-9未记录/未解析；-8归属不清；-7不适用；-6冲突；-5不确定。未提及不是阴性。,feature,,F016
CE,vascular_cutoff,血管截断,AZ/BA,1明确阳性/异常；0明确阴性；-9未记录/未解析；-8归属不清；-7不适用；-6冲突；-5不确定。未提及不是阴性。,feature,,F016
CE,bronchial_cutoff,支气管截断,AZ/BA,1明确阳性/异常；0明确阴性；-9未记录/未解析；-8归属不清；-7不适用；-6冲突；-5不确定。未提及不是阴性。,feature,,F017
CE,obstructive_atelectasis,阻塞性肺不张,AZ/BA,1明确阳性/异常；0明确阴性；-9未记录/未解析；-8归属不清；-7不适用；-6冲突；-5不确定。未提及不是阴性。,feature,,F018
CE,obstructive_pneumonia,阻塞性肺炎,AZ/BA,1明确阳性/异常；0明确阴性；-9未记录/未解析；-8归属不清；-7不适用；-6冲突；-5不确定。未提及不是阴性。,feature,,F018
CE,satellite_nodules,卫星结节,AZ/BA,1明确阳性/异常；0明确阴性；-9未记录/未解析；-8归属不清；-7不适用；-6冲突；-5不确定。未提及不是阴性。,feature,,F019
CE,pleural_nodules,胸膜结节,AZ/BA,1明确阳性/异常；0明确阴性；-9未记录/未解析；-8归属不清；-7不适用；-6冲突；-5不确定。未提及不是阴性。,feature,,F023
CE,emphysema,肺气肿,AZ/BA,1明确阳性/异常；0明确阴性；-9未记录/未解析；-8归属不清；-7不适用；-6冲突；-5不确定。未提及不是阴性。,feature,,F024
CE,fibrosis_interstitial,纤维化/间质异常,AZ/BA,1明确阳性/异常；0明确阴性；-9未记录/未解析；-8归属不清；-7不适用；-6冲突；-5不确定。未提及不是阴性。,feature,,F024
CE,satellite_distribution,卫星结节明确分布,AZ/BA,1同叶；2同侧异叶；3对侧；4多区域；不将所有多发结节视为卫星灶,feature,,F019
CE,pleural_effusion_side,积液侧别,AZ/BA,1右；2左；3双侧；-9未明确,feature,,F023
CE,ln_n1_abnormal,N1对应区域淋巴结异常,AZ/BA,1明确阳性/异常；0明确阴性；-9未记录/未解析；-8归属不清；-7不适用；-6冲突；-5不确定。未提及不是阴性。 N1同侧肺门/支气管周围/肺内；N2同侧纵隔/隆突下；N3对侧纵隔/肺门及任侧锁骨上/斜角肌。区域异常不是转移N分期。,feature,,F020
CE,ln_n2_abnormal,N2对应区域淋巴结异常,AZ/BA,1明确阳性/异常；0明确阴性；-9未记录/未解析；-8归属不清；-7不适用；-6冲突；-5不确定。未提及不是阴性。 N1同侧肺门/支气管周围/肺内；N2同侧纵隔/隆突下；N3对侧纵隔/肺门及任侧锁骨上/斜角肌。区域异常不是转移N分期。,feature,,F020
CE,ln_n3_abnormal,N3对应区域淋巴结异常,AZ/BA,1明确阳性/异常；0明确阴性；-9未记录/未解析；-8归属不清；-7不适用；-6冲突；-5不确定。未提及不是阴性。 N1同侧肺门/支气管周围/肺内；N2同侧纵隔/隆突下；N3对侧纵隔/肺门及任侧锁骨上/斜角肌。区域异常不是转移N分期。,feature,,F020
CE,enhancement_degree,强化程度,AZ/BA,0=无明显；1=轻；2=中；3=明显；-9=未记录/不可解析；-8=主灶无法唯一确定；-7=不适用；-6=冲突；-5=不确定。连续变量缺失留空。,feature,,F025
CE,enhancement_homogeneous,强化均匀性,AZ/BA,0=不均匀；1=均匀；-9=未记录/不可解析；-8=主灶无法唯一确定；-7=不适用；-6=冲突；-5=不确定。连续变量缺失留空。,feature,,F025
CE,attenuation_plain_hu,同次平扫CT值_HU,AZ/BA,明确平扫时相及主灶,feature,HU,F026
CE,attenuation_arterial_hu,动脉期CT值_HU,AZ/BA,明确动脉期,feature,HU,F026
CE,attenuation_venous_hu,静脉期CT值_HU,AZ/BA,明确静脉期,feature,HU,F026
CE,attenuation_delayed_hu,延迟期CT值_HU,AZ/BA,明确延迟期,feature,HU,F026
CE,enhancement_delta_hu,明确报告的强化增量_HU,AZ/BA,仅报告明确增量；不跨时相/ROI推算,feature,HU,F027
CE,nonenhancing_component,不强化成分,AZ/BA,1明确阳性/异常；0明确阴性；-9未记录/未解析；-8归属不清；-7不适用；-6冲突；-5不确定。未提及不是阴性。,feature,,F028
CE,radiologic_necrosis,影像坏死描述,AZ/BA,1明确阳性/异常；0明确阴性；-9未记录/未解析；-8归属不清；-7不适用；-6冲突；-5不确定。未提及不是阴性。,feature,,F028
CE,ring_enhancement,环形强化,AZ/BA,1明确阳性/异常；0明确阴性；-9未记录/未解析；-8归属不清；-7不适用；-6冲突；-5不确定。未提及不是阴性。,feature,,F029
CE,progressive_enhancement,渐进性强化,AZ/BA,1明确阳性/异常；0明确阴性；-9未记录/未解析；-8归属不清；-7不适用；-6冲突；-5不确定。未提及不是阴性。,feature,,F029
CE,irregular_enhancement,不规则强化,AZ/BA,1明确阳性/异常；0明确阴性；-9未记录/未解析；-8归属不清；-7不适用；-6冲突；-5不确定。未提及不是阴性。,feature,,F029
CE,vascular_invasion,影像血管侵犯,AZ/BA,1明确阳性/异常；0明确阴性；-9未记录/未解析；-8归属不清；-7不适用；-6冲突；-5不确定。未提及不是阴性。,feature,,F030
CE,mediastinal_invasion,影像纵隔侵犯,AZ/BA,1明确阳性/异常；0明确阴性；-9未记录/未解析；-8归属不清；-7不适用；-6冲突；-5不确定。未提及不是阴性。,feature,,F030
CE,chestwall_invasion,影像胸壁侵犯,AZ/BA,1明确阳性/异常；0明确阴性；-9未记录/未解析；-8归属不清；-7不适用；-6冲突；-5不确定。未提及不是阴性。,feature,,F030
NCE,patient_id,患者关联ID,A,仅关联/追溯，不是预测特征,key,,
NCE,source_row,原表行号,主表,仅关联/追溯，不是预测特征,key,,
NCE,main_location_code,主灶位置（肺叶/肺门）,AU/AV,1=右上；2=右中；3=右下；4=左上；5=左下；6=右肺门；7=左肺门；-9=未记录/不可解析；-8=主灶无法唯一确定；-7=不适用；-6=冲突；-5=不确定。连续变量缺失留空。,feature,,F001
NCE,density_code,主灶密度,AU/AV,1=纯磨玻璃；2=部分实性；3=实性；4=磨玻璃未分纯/混；-9=未记录/不可解析；-8=主灶无法唯一确定；-7=不适用；-6=冲突；-5=不确定。连续变量缺失留空。,feature,,F004
NCE,main_side,主灶侧别,AU/AV,1右；2左；-8主灶/侧别不清,feature,,F001
NCE,main_lobe,主灶肺叶,AU/AV,1右上；2右中；3右下；4左上；5左下；未注明肺叶不由肺门猜测,feature,,F001
NCE,central_peripheral_code,中央型/周围型（明确报告）,AU/AV,1中央型；2周围型；-9未提及,feature,,F002
NCE,long_diameter_mm,最大径_mm,AU/AV,连续值；缺失留空；范围/比较号另存后台，不强制压为单值,feature,mm,F003
NCE,second_diameter_mm,第二径_mm,AU/AV,连续值；缺失留空；范围/比较号另存后台，不强制压为单值,feature,mm,F003
NCE,ill_defined_margin,边界不清,AU/AV,1明确阳性/异常；0明确阴性；-9未记录/未解析；-8归属不清；-7不适用；-6冲突；-5不确定。未提及不是阴性。,feature,,F007
NCE,lobulation,分叶征,AU/AV,1明确阳性/异常；0明确阴性；-9未记录/未解析；-8归属不清；-7不适用；-6冲突；-5不确定。未提及不是阴性。,feature,,F008
NCE,spiculation,毛刺征,AU/AV,1明确阳性/异常；0明确阴性；-9未记录/未解析；-8归属不清；-7不适用；-6冲突；-5不确定。未提及不是阴性。,feature,,F009
NCE,bubble_lucency,空泡征,AU/AV,1明确阳性/异常；0明确阴性；-9未记录/未解析；-8归属不清；-7不适用；-6冲突；-5不确定。未提及不是阴性。,feature,,F010
NCE,cavitation,空洞,AU/AV,1明确阳性/异常；0明确阴性；-9未记录/未解析；-8归属不清；-7不适用；-6冲突；-5不确定。未提及不是阴性。,feature,,F010
NCE,calcification,钙化,AU/AV,1明确阳性/异常；0明确阴性；-9未记录/未解析；-8归属不清；-7不适用；-6冲突；-5不确定。未提及不是阴性。,feature,,F012
NCE,pleural_retraction,胸膜牵拉,AU/AV,1明确阳性/异常；0明确阴性；-9未记录/未解析；-8归属不清；-7不适用；-6冲突；-5不确定。未提及不是阴性。,feature,,F013
NCE,pleural_indentation,胸膜凹陷,AU/AV,1明确阳性/异常；0明确阴性；-9未记录/未解析；-8归属不清；-7不适用；-6冲突；-5不确定。未提及不是阴性。,feature,,F013
NCE,vascular_convergence,血管集束,AU/AV,1明确阳性/异常；0明确阴性；-9未记录/未解析；-8归属不清；-7不适用；-6冲突；-5不确定。未提及不是阴性。,feature,,F016
NCE,vascular_traversal,血管穿行,AU/AV,1明确阳性/异常；0明确阴性；-9未记录/未解析；-8归属不清；-7不适用；-6冲突；-5不确定。未提及不是阴性。,feature,,F016
NCE,air_bronchogram,空气支气管征,AU/AV,1明确阳性/异常；0明确阴性；-9未记录/未解析；-8归属不清；-7不适用；-6冲突；-5不确定。未提及不是阴性。,feature,,F017
NCE,bronchial_stenosis,支气管狭窄,AU/AV,1明确阳性/异常；0明确阴性；-9未记录/未解析；-8归属不清；-7不适用；-6冲突；-5不确定。未提及不是阴性。,feature,,F017
NCE,bronchial_obstruction,支气管截断/阻塞,AU/AV,1明确阳性/异常；0明确阴性；-9未记录/未解析；-8归属不清；-7不适用；-6冲突；-5不确定。未提及不是阴性。,feature,,F017
NCE,pleural_effusion,胸腔积液,AU/AV,1明确阳性/异常；0明确阴性；-9未记录/未解析；-8归属不清；-7不适用；-6冲突；-5不确定。未提及不是阴性。,feature,,F023
NCE,lobulation_grade,分叶程度,AU/AV,0明确无；1浅分叶；2深分叶；3有但未分级,feature,,F008
NCE,spiculation_type,毛刺类型,AU/AV,0明确无；1短细；2长粗；3混合；4有但未分型,feature,,F009
NCE,calcification_pattern,钙化形态,AU/AV,0明确无；1点状；2粗大；3偏心；4弥漫；5混合；6有未分型,feature,,F012
NCE,cavity_wall_mm,空洞壁厚_mm,AU/AV,连续值；缺失留空；范围/比较号另存后台，不强制压为单值,feature,mm,F010
NCE,cavity_wall_irregular,空洞壁不规则,AU/AV,1明确阳性/异常；0明确阴性；-9未记录/未解析；-8归属不清；-7不适用；-6冲突；-5不确定。未提及不是阴性。,feature,,F010
NCE,radiologic_pleural_invasion,影像胸膜侵犯判断,AU/AV,1明确阳性/异常；0明确阴性；-9未记录/未解析；-8归属不清；-7不适用；-6冲突；-5不确定。未提及不是阴性。,feature,,F015
NCE,vascular_encasement,血管包绕,AU/AV,1明确阳性/异常；0明确阴性；-9未记录/未解析；-8归属不清；-7不适用；-6冲突；-5不确定。未提及不是阴性。,feature,,F016
NCE,vascular_stenosis,血管狭窄,AU/AV,1明确阳性/异常；0明确阴性；-9未记录/未解析；-8归属不清；-7不适用；-6冲突；-5不确定。未提及不是阴性。,feature,,F016
NCE,vascular_cutoff,血管截断,AU/AV,1明确阳性/异常；0明确阴性；-9未记录/未解析；-8归属不清；-7不适用；-6冲突；-5不确定。未提及不是阴性。,feature,,F016
NCE,bronchial_cutoff,支气管截断,AU/AV,1明确阳性/异常；0明确阴性；-9未记录/未解析；-8归属不清；-7不适用；-6冲突；-5不确定。未提及不是阴性。,feature,,F017
NCE,obstructive_atelectasis,阻塞性肺不张,AU/AV,1明确阳性/异常；0明确阴性；-9未记录/未解析；-8归属不清；-7不适用；-6冲突；-5不确定。未提及不是阴性。,feature,,F018
NCE,obstructive_pneumonia,阻塞性肺炎,AU/AV,1明确阳性/异常；0明确阴性；-9未记录/未解析；-8归属不清；-7不适用；-6冲突；-5不确定。未提及不是阴性。,feature,,F018
NCE,satellite_nodules,卫星结节,AU/AV,1明确阳性/异常；0明确阴性；-9未记录/未解析；-8归属不清；-7不适用；-6冲突；-5不确定。未提及不是阴性。,feature,,F019
NCE,pleural_nodules,胸膜结节,AU/AV,1明确阳性/异常；0明确阴性；-9未记录/未解析；-8归属不清；-7不适用；-6冲突；-5不确定。未提及不是阴性。,feature,,F023
NCE,emphysema,肺气肿,AU/AV,1明确阳性/异常；0明确阴性；-9未记录/未解析；-8归属不清；-7不适用；-6冲突；-5不确定。未提及不是阴性。,feature,,F024
NCE,fibrosis_interstitial,纤维化/间质异常,AU/AV,1明确阳性/异常；0明确阴性；-9未记录/未解析；-8归属不清；-7不适用；-6冲突；-5不确定。未提及不是阴性。,feature,,F024
NCE,satellite_distribution,卫星结节明确分布,AU/AV,1同叶；2同侧异叶；3对侧；4多区域；不将所有多发结节视为卫星灶,feature,,F019
NCE,pleural_effusion_side,积液侧别,AU/AV,1右；2左；3双侧；-9未明确,feature,,F023
NCE,ln_n1_abnormal,N1对应区域淋巴结异常,AU/AV,1明确阳性/异常；0明确阴性；-9未记录/未解析；-8归属不清；-7不适用；-6冲突；-5不确定。未提及不是阴性。 N1同侧肺门/支气管周围/肺内；N2同侧纵隔/隆突下；N3对侧纵隔/肺门及任侧锁骨上/斜角肌。区域异常不是转移N分期。,feature,,F020
NCE,ln_n2_abnormal,N2对应区域淋巴结异常,AU/AV,1明确阳性/异常；0明确阴性；-9未记录/未解析；-8归属不清；-7不适用；-6冲突；-5不确定。未提及不是阴性。 N1同侧肺门/支气管周围/肺内；N2同侧纵隔/隆突下；N3对侧纵隔/肺门及任侧锁骨上/斜角肌。区域异常不是转移N分期。,feature,,F020
NCE,ln_n3_abnormal,N3对应区域淋巴结异常,AU/AV,1明确阳性/异常；0明确阴性；-9未记录/未解析；-8归属不清；-7不适用；-6冲突；-5不确定。未提及不是阴性。 N1同侧肺门/支气管周围/肺内；N2同侧纵隔/隆突下；N3对侧纵隔/肺门及任侧锁骨上/斜角肌。区域异常不是转移N分期。,feature,,F020
PET_CT,patient_id,患者关联ID,A,仅关联/追溯，不是预测特征,key,,
PET_CT,source_row,原表行号,主表,仅关联/追溯，不是预测特征,key,,
PET_CT,main_location_code,主灶位置（肺叶/肺门）,AP/AQ,1=右上；2=右中；3=右下；4=左上；5=左下；6=右肺门；7=左肺门；-9=未记录/不可解析；-8=主灶无法唯一确定；-7=不适用；-6=冲突；-5=不确定。连续变量缺失留空。,feature,,F001
PET_CT,density_code,主灶密度,AP/AQ,1=纯磨玻璃；2=部分实性；3=实性；4=磨玻璃未分纯/混；-9=未记录/不可解析；-8=主灶无法唯一确定；-7=不适用；-6=冲突；-5=不确定。连续变量缺失留空。,feature,,F004
PET_CT,main_side,主灶侧别,AP/AQ,1右；2左；-8主灶/侧别不清,feature,,F001
PET_CT,main_lobe,主灶肺叶,AP/AQ,1右上；2右中；3右下；4左上；5左下；未注明肺叶不由肺门猜测,feature,,F001
PET_CT,central_peripheral_code,中央型/周围型（明确报告）,AP/AQ,1中央型；2周围型；-9未提及,feature,,F002
PET_CT,long_diameter_mm,最大径_mm,AP/AQ,连续值；缺失留空；范围/比较号另存后台，不强制压为单值,feature,mm,F003
PET_CT,second_diameter_mm,第二径_mm,AP/AQ,连续值；缺失留空；范围/比较号另存后台，不强制压为单值,feature,mm,F003
PET_CT,ill_defined_margin,边界不清,AP/AQ,1明确阳性/异常；0明确阴性；-9未记录/未解析；-8归属不清；-7不适用；-6冲突；-5不确定。未提及不是阴性。,feature,,F007
PET_CT,lobulation,分叶征,AP/AQ,1明确阳性/异常；0明确阴性；-9未记录/未解析；-8归属不清；-7不适用；-6冲突；-5不确定。未提及不是阴性。,feature,,F008
PET_CT,spiculation,毛刺征,AP/AQ,1明确阳性/异常；0明确阴性；-9未记录/未解析；-8归属不清；-7不适用；-6冲突；-5不确定。未提及不是阴性。,feature,,F009
PET_CT,bubble_lucency,空泡征,AP/AQ,1明确阳性/异常；0明确阴性；-9未记录/未解析；-8归属不清；-7不适用；-6冲突；-5不确定。未提及不是阴性。,feature,,F010
PET_CT,cavitation,空洞,AP/AQ,1明确阳性/异常；0明确阴性；-9未记录/未解析；-8归属不清；-7不适用；-6冲突；-5不确定。未提及不是阴性。,feature,,F010
PET_CT,calcification,钙化,AP/AQ,1明确阳性/异常；0明确阴性；-9未记录/未解析；-8归属不清；-7不适用；-6冲突；-5不确定。未提及不是阴性。,feature,,F012
PET_CT,pleural_retraction,胸膜牵拉,AP/AQ,1明确阳性/异常；0明确阴性；-9未记录/未解析；-8归属不清；-7不适用；-6冲突；-5不确定。未提及不是阴性。,feature,,F013
PET_CT,pleural_indentation,胸膜凹陷,AP/AQ,1明确阳性/异常；0明确阴性；-9未记录/未解析；-8归属不清；-7不适用；-6冲突；-5不确定。未提及不是阴性。,feature,,F013
PET_CT,vascular_convergence,血管集束,AP/AQ,1明确阳性/异常；0明确阴性；-9未记录/未解析；-8归属不清；-7不适用；-6冲突；-5不确定。未提及不是阴性。,feature,,F016
PET_CT,vascular_traversal,血管穿行,AP/AQ,1明确阳性/异常；0明确阴性；-9未记录/未解析；-8归属不清；-7不适用；-6冲突；-5不确定。未提及不是阴性。,feature,,F016
PET_CT,air_bronchogram,空气支气管征,AP/AQ,1明确阳性/异常；0明确阴性；-9未记录/未解析；-8归属不清；-7不适用；-6冲突；-5不确定。未提及不是阴性。,feature,,F017
PET_CT,bronchial_stenosis,支气管狭窄,AP/AQ,1明确阳性/异常；0明确阴性；-9未记录/未解析；-8归属不清；-7不适用；-6冲突；-5不确定。未提及不是阴性。,feature,,F017
PET_CT,bronchial_obstruction,支气管截断/阻塞,AP/AQ,1明确阳性/异常；0明确阴性；-9未记录/未解析；-8归属不清；-7不适用；-6冲突；-5不确定。未提及不是阴性。,feature,,F017
PET_CT,pleural_effusion,胸腔积液,AP/AQ,1明确阳性/异常；0明确阴性；-9未记录/未解析；-8归属不清；-7不适用；-6冲突；-5不确定。未提及不是阴性。,feature,,F023
PET_CT,lobulation_grade,分叶程度,AP/AQ,0明确无；1浅分叶；2深分叶；3有但未分级,feature,,F008
PET_CT,spiculation_type,毛刺类型,AP/AQ,0明确无；1短细；2长粗；3混合；4有但未分型,feature,,F009
PET_CT,calcification_pattern,钙化形态,AP/AQ,0明确无；1点状；2粗大；3偏心；4弥漫；5混合；6有未分型,feature,,F012
PET_CT,cavity_wall_mm,空洞壁厚_mm,AP/AQ,连续值；缺失留空；范围/比较号另存后台，不强制压为单值,feature,mm,F010
PET_CT,cavity_wall_irregular,空洞壁不规则,AP/AQ,1明确阳性/异常；0明确阴性；-9未记录/未解析；-8归属不清；-7不适用；-6冲突；-5不确定。未提及不是阴性。,feature,,F010
PET_CT,radiologic_pleural_invasion,影像胸膜侵犯判断,AP/AQ,1明确阳性/异常；0明确阴性；-9未记录/未解析；-8归属不清；-7不适用；-6冲突；-5不确定。未提及不是阴性。,feature,,F015
PET_CT,vascular_encasement,血管包绕,AP/AQ,1明确阳性/异常；0明确阴性；-9未记录/未解析；-8归属不清；-7不适用；-6冲突；-5不确定。未提及不是阴性。,feature,,F016
PET_CT,vascular_stenosis,血管狭窄,AP/AQ,1明确阳性/异常；0明确阴性；-9未记录/未解析；-8归属不清；-7不适用；-6冲突；-5不确定。未提及不是阴性。,feature,,F016
PET_CT,vascular_cutoff,血管截断,AP/AQ,1明确阳性/异常；0明确阴性；-9未记录/未解析；-8归属不清；-7不适用；-6冲突；-5不确定。未提及不是阴性。,feature,,F016
PET_CT,bronchial_cutoff,支气管截断,AP/AQ,1明确阳性/异常；0明确阴性；-9未记录/未解析；-8归属不清；-7不适用；-6冲突；-5不确定。未提及不是阴性。,feature,,F017
PET_CT,obstructive_atelectasis,阻塞性肺不张,AP/AQ,1明确阳性/异常；0明确阴性；-9未记录/未解析；-8归属不清；-7不适用；-6冲突；-5不确定。未提及不是阴性。,feature,,F018
PET_CT,obstructive_pneumonia,阻塞性肺炎,AP/AQ,1明确阳性/异常；0明确阴性；-9未记录/未解析；-8归属不清；-7不适用；-6冲突；-5不确定。未提及不是阴性。,feature,,F018
PET_CT,satellite_nodules,卫星结节,AP/AQ,1明确阳性/异常；0明确阴性；-9未记录/未解析；-8归属不清；-7不适用；-6冲突；-5不确定。未提及不是阴性。,feature,,F019
PET_CT,pleural_nodules,胸膜结节,AP/AQ,1明确阳性/异常；0明确阴性；-9未记录/未解析；-8归属不清；-7不适用；-6冲突；-5不确定。未提及不是阴性。,feature,,F023
PET_CT,emphysema,肺气肿,AP/AQ,1明确阳性/异常；0明确阴性；-9未记录/未解析；-8归属不清；-7不适用；-6冲突；-5不确定。未提及不是阴性。,feature,,F024
PET_CT,fibrosis_interstitial,纤维化/间质异常,AP/AQ,1明确阳性/异常；0明确阴性；-9未记录/未解析；-8归属不清；-7不适用；-6冲突；-5不确定。未提及不是阴性。,feature,,F024
PET_CT,satellite_distribution,卫星结节明确分布,AP/AQ,1同叶；2同侧异叶；3对侧；4多区域；不将所有多发结节视为卫星灶,feature,,F019
PET_CT,pleural_effusion_side,积液侧别,AP/AQ,1右；2左；3双侧；-9未明确,feature,,F023
PET_CT,ln_n1_abnormal,N1对应区域淋巴结异常,AP/AQ,1明确阳性/异常；0明确阴性；-9未记录/未解析；-8归属不清；-7不适用；-6冲突；-5不确定。未提及不是阴性。 N1同侧肺门/支气管周围/肺内；N2同侧纵隔/隆突下；N3对侧纵隔/肺门及任侧锁骨上/斜角肌。区域异常不是转移N分期。,feature,,F020
PET_CT,ln_n2_abnormal,N2对应区域淋巴结异常,AP/AQ,1明确阳性/异常；0明确阴性；-9未记录/未解析；-8归属不清；-7不适用；-6冲突；-5不确定。未提及不是阴性。 N1同侧肺门/支气管周围/肺内；N2同侧纵隔/隆突下；N3对侧纵隔/肺门及任侧锁骨上/斜角肌。区域异常不是转移N分期。,feature,,F020
PET_CT,ln_n3_abnormal,N3对应区域淋巴结异常,AP/AQ,1明确阳性/异常；0明确阴性；-9未记录/未解析；-8归属不清；-7不适用；-6冲突；-5不确定。未提及不是阴性。 N1同侧肺门/支气管周围/肺内；N2同侧纵隔/隆突下；N3对侧纵隔/肺门及任侧锁骨上/斜角肌。区域异常不是转移N分期。,feature,,F020
PET_CT,suvmax,主灶SUVmax,AP/AQ,连续值；缺失留空；范围/比较号另存后台，不强制压为单值,feature,,F031
PET_CT,ln_n1_fdg_abnormal,N1区域FDG摄取异常（不等于转移）,AP/AQ,1明确阳性/异常；0明确阴性；-9未记录/未解析；-8归属不清；-7不适用；-6冲突；-5不确定。未提及不是阴性。,feature,,F035
PET_CT,ln_n2_fdg_abnormal,N2区域FDG摄取异常（不等于转移）,AP/AQ,1明确阳性/异常；0明确阴性；-9未记录/未解析；-8归属不清；-7不适用；-6冲突；-5不确定。未提及不是阴性。,feature,,F035
PET_CT,ln_n3_fdg_abnormal,N3区域FDG摄取异常（不等于转移）,AP/AQ,1明确阳性/异常；0明确阴性；-9未记录/未解析；-8归属不清；-7不适用；-6冲突；-5不确定。未提及不是阴性。,feature,,F035
PET_CT,metabolic_heterogeneity,主灶代谢分布不均匀,AP/AQ,0明确均匀；1明确不均匀；未说明不补值；不是影像组学纹理,feature,,F038
PET_CT,distant_bone_uptake,骨异常摄取（基线核对）,AP/AQ,1明确阳性/异常；0明确阴性；-9未记录/未解析；-8归属不清；-7不适用；-6冲突；-5不确定。未提及不是阴性。,feature,,F039
PET_CT,distant_liver_uptake,肝异常摄取（基线核对）,AP/AQ,1明确阳性/异常；0明确阴性；-9未记录/未解析；-8归属不清；-7不适用；-6冲突；-5不确定。未提及不是阴性。,feature,,F039
PET_CT,distant_adrenal_uptake,肾上腺异常摄取（基线核对）,AP/AQ,1明确阳性/异常；0明确阴性；-9未记录/未解析；-8归属不清；-7不适用；-6冲突；-5不确定。未提及不是阴性。,feature,,F039
PET_CT,distant_brain_uptake,脑异常摄取（基线核对）,AP/AQ,1明确阳性/异常；0明确阴性；-9未记录/未解析；-8归属不清；-7不适用；-6冲突；-5不确定。未提及不是阴性。,feature,,F039
PET_CT,distant_other_uptake,其他明确远处器官异常摄取（基线核对）,AP/AQ,1明确阳性/异常；0明确阴性；-9未记录/未解析；-8归属不清；-7不适用；-6冲突；-5不确定。未提及不是阴性。,feature,,F039
